StartDate,EndDate,Status,IPAddress,Progress,Duration (in seconds),Finished,RecordedDate,ResponseId,RecipientLastName,RecipientFirstName,RecipientEmail,ExternalReference,LocationLatitude,LocationLongitude,DistributionChannel,UserLanguage,Q_RecaptchaScore,Q35,QID2,QID2_5_TEXT,QID3,QID3_10_TEXT,QID4,1._1,2.,3.,4.,5.,6.,7.,8._1,8._2,8._3,8._4,8._5,8._6,9.,10._1,11._1,11._2,11._3,11._4,12.,13.,Q_RecaptchaStatus,Q_RecaptchaError
Start Date,End Date,Response Type,IP Address,Progress,Duration (in seconds),Finished,Recorded Date,Response ID,Recipient Last Name,Recipient First Name,Recipient Email,External Data Reference,Location Latitude,Location Longitude,Distribution Channel,User Language,Q_RecaptchaScore,"This study is conducted by Diogo Andrade, NOVA IMS. Participation is voluntary and may be stopped at any time. All responses are anonymous and used exclusively for academic research. No personally identifiable information will be collected or disclosed. By proceeding, you confirm that:

	You have read and understood the information above.
	You are at least 18 years old.
	You voluntarily agree to participate in this study.



In case of any questions, contact: 20211561@novaims.unl.pt",What best describes your current situation? - Selected Choice,What best describes your current situation? - Other: - Text,What is your primary field of study or professional area? - Selected Choice,What is your primary field of study or professional area? - Other: - Text,To what extent is working with data part of your current academic or professional activities?,"1. Before this questionnaire, how familiar were you with the concept of data preparation? - Not familiar at all:Very familiar",2. Approximately how many times have you performed data preparation tasks in the past?,3. Which of the following approaches have you used to support data preparation tasks?,4. Which type of tool do you use most often for data preparation?,"5. Which specific tool do you use most often within the category you just selected? 
Please specify just the name of the tool (e.g., Excel, Python, OpenRefine)","6. When performing data preparation tasks, in approximately what percentage of situations do you use conversational AI assistants to help you? (e.g., ChatGPT, Claude)",7. Which conversational AI assistant do you most frequently use to ask for help with data preparation tasks?,"8. Below you will find a list of common data preparation tasks. For each task, please indicate how difficult you personally find it to perform, using a scale from Very Easy to Very Difficult. Your answers should reflect your own experience, regardless of the tools you typically use. - 8.1 Filling missing values","8. Below you will find a list of common data preparation tasks. For each task, please indicate how difficult you personally find it to perform, using a scale from Very Easy to Very Difficult. Your answers should reflect your own experience, regardless of the tools you typically use. - 8.2 Detecting and handling errors and inconsistencies in raw data","8. Below you will find a list of common data preparation tasks. For each task, please indicate how difficult you personally find it to perform, using a scale from Very Easy to Very Difficult. Your answers should reflect your own experience, regardless of the tools you typically use. - 8.3 Identifying and handling outliers/extreme values","8. Below you will find a list of common data preparation tasks. For each task, please indicate how difficult you personally find it to perform, using a scale from Very Easy to Very Difficult. Your answers should reflect your own experience, regardless of the tools you typically use. - 8.4 Understanding the semantic meaning of columns","8. Below you will find a list of common data preparation tasks. For each task, please indicate how difficult you personally find it to perform, using a scale from Very Easy to Very Difficult. Your answers should reflect your own experience, regardless of the tools you typically use. - 8.5 Deciding how to transform or encode data for analysis","8. Below you will find a list of common data preparation tasks. For each task, please indicate how difficult you personally find it to perform, using a scale from Very Easy to Very Difficult. Your answers should reflect your own experience, regardless of the tools you typically use. - 8.6 Deciding which data and features should be included or excluded before modelling","9. Before this study, were you aware that AI/LLM-based systems can be used not only to suggest data preparation steps, but also to help apply them within a data preparation tool?",10. How confident do you feel about using data preparation systems with integrated LLMs that automatically apply transformations? - Not confident at all:Very confident,"11. Below you will find a set of statements regarding data preparation systems.
For each statement, please indicate the extent to which you agree, using a scale from ""Strongly disagree"" to ""Strongly agree"". - 11.1 Systems that automatically suggest or apply data preparation steps can significantly reduce the effort required for data preparation","11. Below you will find a set of statements regarding data preparation systems.
For each statement, please indicate the extent to which you agree, using a scale from ""Strongly disagree"" to ""Strongly agree"". - 11.2 I prefer to retain control over data transformations rather than fully automating them","11. Below you will find a set of statements regarding data preparation systems.
For each statement, please indicate the extent to which you agree, using a scale from ""Strongly disagree"" to ""Strongly agree"". - 11.3 I trust automated data preparation systems more when I can inspect or modify the steps they perform","11. Below you will find a set of statements regarding data preparation systems.
For each statement, please indicate the extent to which you agree, using a scale from ""Strongly disagree"" to ""Strongly agree"". - 11.4 Transparency and reproducibility are important when using intelligent data preparation tools","12. In your opinion, what should be the ideal role of intelligent systems in data preparation?",13. What feature would you consider essential or truly transformative in a system that automatically prepares data using large language models?,Q_RecaptchaStatus,Q_RecaptchaError
"{""ImportId"":""startDate"",""timeZone"":""Europe/London""}","{""ImportId"":""endDate"",""timeZone"":""Europe/London""}","{""ImportId"":""status""}","{""ImportId"":""ipAddress""}","{""ImportId"":""progress""}","{""ImportId"":""duration""}","{""ImportId"":""finished""}","{""ImportId"":""recordedDate"",""timeZone"":""Europe/London""}","{""ImportId"":""_recordId""}","{""ImportId"":""recipientLastName""}","{""ImportId"":""recipientFirstName""}","{""ImportId"":""recipientEmail""}","{""ImportId"":""externalDataReference""}","{""ImportId"":""locationLatitude""}","{""ImportId"":""locationLongitude""}","{""ImportId"":""distributionChannel""}","{""ImportId"":""userLanguage""}","{""ImportId"":""Q_RecaptchaScore""}","{""ImportId"":""QID35""}","{""ImportId"":""QID2""}","{""ImportId"":""QID2_5_TEXT""}","{""ImportId"":""QID3""}","{""ImportId"":""QID3_10_TEXT""}","{""ImportId"":""QID4""}","{""ImportId"":""QID5_0""}","{""ImportId"":""QID6""}","{""ImportId"":""QID7""}","{""ImportId"":""QID8""}","{""ImportId"":""QID9_TEXT""}","{""ImportId"":""QID10""}","{""ImportId"":""QID11""}","{""ImportId"":""QID19_0""}","{""ImportId"":""QID19_1""}","{""ImportId"":""QID19_2""}","{""ImportId"":""QID19_3""}","{""ImportId"":""QID19_4""}","{""ImportId"":""QID19_11""}","{""ImportId"":""QID13""}","{""ImportId"":""QID14_0""}","{""ImportId"":""QID26_0""}","{""ImportId"":""QID26_1""}","{""ImportId"":""QID26_2""}","{""ImportId"":""QID26_3""}","{""ImportId"":""QID16""}","{""ImportId"":""QID30_TEXT""}","{""ImportId"":""Q_RecaptchaStatus""}","{""ImportId"":""Q_RecaptchaError""}"
2026-04-17 18:45:41,2026-04-17 18:46:33,Survey Preview,,100,52,True,2026-04-17 18:46:33,R_8R45BHnfyr5Q1Kq,,,,,38.7219,-9.1398,preview,EN,,,,,,,,,,,,,,,,,,,,,,,,,,,,,,
2026-04-19 11:49:01,2026-04-19 11:56:26,IP Address,109.51.107.249,100,444,True,2026-04-19 11:56:27,R_2R2AWtL44u0ZUXp,,,,,38.6757,-9.2333,anonymous,EN,,I agree to participate in the study,Other:,Professor,Computer Science / Software Engineering,,Working with data is a central part of my role,,More than 40 times,"Spreadsheet-based tools (e.g., Excel, Power Query),Programming scripts or queries (e.g., Python, R, SQL),Dedicated data preparation tools (e.g., OpenRefine, KNIME, Trifacta),Conversational AI assistants (e.g., ChatGPT, Claude) used to ask for help (e.g., explanations, code suggestions, debugging),Conversational AI assistants used to suggest data cleaning or transformation steps (e.g., generating code or describing actions to perform)","Programming scripts or queries (e.g., Python, R, SQL)",python,26-50% of the time,ChatGPT,,,,,,,"Yes, but I have never used such systems",,,,,,"Automatically perform tasks, while allowing user inspection and control","detect missing and outliers, suggest spiting ratio",,
2026-05-19 17:41:43,2026-05-19 17:47:47,IP Address,85.244.11.226,100,364,True,2026-05-19 17:47:48,R_21MBQOqqOqjBzvX,,,,,39.0525,-9.0125,anonymous,EN,1,I agree to participate in the study,Undergraduate student,,Social Sciences,,I occasionally work on tasks that involve analysing or handling data,,1-5 times,"Spreadsheet-based tools (e.g., Excel, Power Query)","Spreadsheet-based tools (e.g., Excel, Power Query)",excel,1-25% of the time,Gemini / Bard,,,,,,,"No, I was not aware of this possibility",,,,,,"Automatically perform tasks, while allowing user inspection and control",,complete,
2026-05-19 18:19:39,2026-05-19 18:24:55,IP Address,148.69.42.119,100,315,True,2026-05-19 18:24:55,R_2ERv57QchzoBqCt,,,,,38.7219,-9.1398,anonymous,EN,1,I agree to participate in the study,Working professionally,,Management / Business / Economics,,I rarely engage in tasks involving data,,1-5 times,"Spreadsheet-based tools (e.g., Excel, Power Query),Programming scripts or queries (e.g., Python, R, SQL),Conversational AI assistants (e.g., ChatGPT, Claude) used to ask for help (e.g., explanations, code suggestions, debugging)","Spreadsheet-based tools (e.g., Excel, Power Query)",Excel,1-25% of the time,ChatGPT,,,,,,,"Yes, but I have never used such systems",,,,,,"Automatically perform tasks, while allowing user inspection and control","Inspection on what transformations have been done ",complete,
2026-05-20 09:33:04,2026-05-20 09:38:01,IP Address,31.22.160.120,100,296,True,2026-05-20 09:38:02,R_2L7n3A7Bpn0yNWM,,,,,38.7294,-9.1538,anonymous,EN,1,I agree to participate in the study,Master's student,,Data Science / Analytics,,Working with data is a central part of my role,,20-39 times,"Spreadsheet-based tools (e.g., Excel, Power Query),Programming scripts or queries (e.g., Python, R, SQL),Conversational AI assistants (e.g., ChatGPT, Claude) used to ask for help (e.g., explanations, code suggestions, debugging),Conversational AI assistants used to suggest data cleaning or transformation steps (e.g., generating code or describing actions to perform)","Programming scripts or queries (e.g., Python, R, SQL)",Python,76-100% of the time,Claude,,,,,,,"Yes, and I have used such systems",,,,,,"Automatically perform tasks, while allowing user inspection and control","Discussing with the user what it should be performed and why ",complete,
2026-05-21 08:21:48,2026-05-21 08:29:09,IP Address,31.22.202.175,100,440,True,2026-05-21 08:29:09,R_83yxuOFfByQ5Edw,,,,,38.7294,-9.1538,anonymous,EN,1,I agree to participate in the study,Working professionally,,Management / Business / Economics,,I regularly work with data as part of my studies or job,6,Never,,,,,,,Difficult,Easy,Easy,Very Difficult,Very Difficult,"Yes, but I have never used such systems",1,Strongly agree,Disagree,Agree,Strongly agree,"Automatically perform tasks, while allowing user inspection and control",Flexibility,complete,
2026-05-22 08:18:29,2026-05-22 08:18:42,IP Address,31.22.161.161,100,13,True,2026-05-22 08:18:43,R_8YFcaUR7Ow7TVe2,,,,,38.7219,-9.1398,anonymous,EN,1,I do not agree to participate,,,,,,,,,,,,,,,,,,,,,,,,,,,complete,
2026-05-23 18:56:58,2026-05-23 19:02:50,IP Address,87.196.83.242,100,352,True,2026-05-23 19:02:50,R_2EEOZexxC1ROfvP,,,,,41.1459,-8.6169,anonymous,EN,1,I agree to participate in the study,Master's student,,Data Science / Analytics,,I regularly work with data as part of my studies or job,8,More than 40 times,"Spreadsheet-based tools (e.g., Excel, Power Query),Programming scripts or queries (e.g., Python, R, SQL),Conversational AI assistants (e.g., ChatGPT, Claude) used to ask for help (e.g., explanations, code suggestions, debugging)","Spreadsheet-based tools (e.g., Excel, Power Query)",,26-50% of the time,Claude,Neither easy nor diffficult,Neither easy nor diffficult,Neither easy nor diffficult,Neither easy nor diffficult,Neither easy nor diffficult,Neither easy nor diffficult,"Yes, and I have used such systems",4,Neither agree nor disagree,Neither agree nor disagree,Neither agree nor disagree,Neither agree nor disagree,"Automatically perform tasks, while allowing user inspection and control",,complete,
2026-05-23 19:00:22,2026-05-23 19:04:29,IP Address,31.22.162.209,100,246,True,2026-05-23 19:04:29,R_2JQXgzm4jERSTdL,,,,,38.7219,-9.1398,anonymous,EN,1,I agree to participate in the study,Master's student,,Data Science / Analytics,,Working with data is a central part of my role,8,More than 40 times,"Spreadsheet-based tools (e.g., Excel, Power Query),Programming scripts or queries (e.g., Python, R, SQL),Data preparation systems with integrated LLMs that automatically apply transformations,Conversational AI assistants (e.g., ChatGPT, Claude) used to ask for help (e.g., explanations, code suggestions, debugging),Conversational AI assistants used to suggest data cleaning or transformation steps (e.g., generating code or describing actions to perform)",Data preparation systems with integrated LLMs that automatically apply transformations,Python,51-75% of the time,Claude,Very Easy,Easy,Easy,Difficult,Easy,Neither easy nor diffficult,"Yes, and I have used such systems",4,Agree,Agree,Neither agree nor disagree,Strongly agree,"Automatically perform tasks, while allowing user inspection and control",human in the loop,complete,
2026-05-23 19:04:33,2026-05-23 19:14:09,IP Address,87.196.74.190,100,575,True,2026-05-23 19:14:09,R_8D7aEI7IFkupvjA,,,,,38.7294,-9.1538,anonymous,EN,1,I agree to participate in the study,Master's student,,Engineering (non-computing),,Working with data is a central part of my role,8,6-19 times,"Spreadsheet-based tools (e.g., Excel, Power Query),Programming scripts or queries (e.g., Python, R, SQL),Conversational AI assistants (e.g., ChatGPT, Claude) used to ask for help (e.g., explanations, code suggestions, debugging),Conversational AI assistants used to suggest data cleaning or transformation steps (e.g., generating code or describing actions to perform)","Programming scripts or queries (e.g., Python, R, SQL)",Python,76-100% of the time,ChatGPT,Easy,Difficult,Difficult,Difficult,Neither easy nor diffficult,Difficult,"No, I was not aware of this possibility",2,Agree,Agree,Agree,Agree,"Automatically perform tasks, while allowing user inspection and control",,complete,
2026-05-23 19:14:17,2026-05-23 19:18:44,IP Address,172.225.179.55,100,267,True,2026-05-23 19:18:45,R_21SnBeR43Hsuo3z,,,,,38.7294,-9.1538,anonymous,EN,1,I agree to participate in the study,Master's student,,Health / Life Sciences,,I occasionally work on tasks that involve analysing or handling data,2,1-5 times,"Spreadsheet-based tools (e.g., Excel, Power Query),Data preparation systems with integrated LLMs that automatically apply transformations,Conversational AI assistants (e.g., ChatGPT, Claude) used to ask for help (e.g., explanations, code suggestions, debugging)","Spreadsheet-based tools (e.g., Excel, Power Query)",Excel,26-50% of the time,ChatGPT,Neither easy nor diffficult,Easy,Easy,Easy,Easy,Neither easy nor diffficult,"Yes, and I have used such systems",2,Agree,Agree,Agree,Strongly agree,"Automatically perform tasks, while allowing user inspection and control",,complete,
2026-05-23 19:15:02,2026-05-23 19:22:17,IP Address,87.196.84.142,100,434,True,2026-05-23 19:22:17,R_2h5HbfOGmuhdlsd,,,,,38.7057,-9.1359,anonymous,EN,1,I agree to participate in the study,Working professionally,,Other:,Management Information,Working with data is a central part of my role,8,More than 40 times,"Spreadsheet-based tools (e.g., Excel, Power Query),Programming scripts or queries (e.g., Python, R, SQL),Conversational AI assistants (e.g., ChatGPT, Claude) used to ask for help (e.g., explanations, code suggestions, debugging)","Spreadsheet-based tools (e.g., Excel, Power Query)",Excel,51-75% of the time,ChatGPT,Easy,Easy,Neither easy nor diffficult,Very Easy,Neither easy nor diffficult,Neither easy nor diffficult,"Yes, but I have never used such systems",3,Agree,Agree,Neither agree nor disagree,Agree,"Automatically perform tasks, while allowing user inspection and control",,complete,
2026-05-23 19:16:16,2026-05-23 19:25:10,IP Address,31.22.161.241,100,533,True,2026-05-23 19:25:10,R_8g8vi2ojaCfgC7F,,,,,38.7219,-9.1398,anonymous,EN,1,I agree to participate in the study,Undergraduate student,,Other:,"Sociocultural ",I occasionally work on tasks that involve analysing or handling data,2,20-39 times,"Conversational AI assistants (e.g., ChatGPT, Claude) used to ask for help (e.g., explanations, code suggestions, debugging)","Spreadsheet-based tools (e.g., Excel, Power Query)",Python,76-100% of the time,"Copilot (e.g., GitHub Copilot)",Difficult,Difficult,Difficult,Neither easy nor diffficult,Neither easy nor diffficult,Neither easy nor diffficult,"Yes, but I have never used such systems",2,Neither agree nor disagree,Neither agree nor disagree,Neither agree nor disagree,Neither agree nor disagree,"Automatically perform tasks, while allowing user inspection and control",,complete,
2026-05-23 19:26:28,2026-05-23 19:30:16,IP Address,87.58.95.184,100,227,True,2026-05-23 19:30:17,R_2PgERRArDArJvxf,,,,,38.7294,-9.1538,anonymous,EN,1,I agree to participate in the study,Working professionally,,Management / Business / Economics,,I occasionally work on tasks that involve analysing or handling data,6,6-19 times,"Spreadsheet-based tools (e.g., Excel, Power Query),Programming scripts or queries (e.g., Python, R, SQL),Conversational AI assistants (e.g., ChatGPT, Claude) used to ask for help (e.g., explanations, code suggestions, debugging),Conversational AI assistants used to suggest data cleaning or transformation steps (e.g., generating code or describing actions to perform)","Spreadsheet-based tools (e.g., Excel, Power Query)","Excel ",76-100% of the time,Gemini / Bard,Easy,Difficult,Easy,Easy,Easy,Easy,"Yes, but I have never used such systems",2,Agree,Agree,Neither agree nor disagree,Agree,"Automatically perform tasks, while allowing user inspection and control",,complete,
2026-05-23 19:27:18,2026-05-23 19:31:15,IP Address,95.92.184.231,100,236,True,2026-05-23 19:31:15,R_8xRT9S1jOxvngWq,,,,,38.7219,-9.1398,anonymous,EN,1,I agree to participate in the study,Working professionally,,Data Science / Analytics,,Working with data is a central part of my role,8,20-39 times,"Spreadsheet-based tools (e.g., Excel, Power Query),Programming scripts or queries (e.g., Python, R, SQL),Data preparation systems with integrated LLMs that automatically apply transformations,Conversational AI assistants (e.g., ChatGPT, Claude) used to ask for help (e.g., explanations, code suggestions, debugging),Conversational AI assistants used to suggest data cleaning or transformation steps (e.g., generating code or describing actions to perform)","Programming scripts or queries (e.g., Python, R, SQL)","python amd sql ",51-75% of the time,ChatGPT,Very Easy,Very Easy,Easy,Easy,Easy,Neither easy nor diffficult,"Yes, and I have used such systems",4,Neither agree nor disagree,Agree,Agree,Agree,"Assist mainly in complex or ambiguous tasks, leaving execution to the user",,complete,
2026-05-23 20:45:31,2026-05-23 20:50:11,IP Address,80.99.40.75,100,279,True,2026-05-23 20:50:11,R_2IbzVbSzLgxL2ix,,,,,47.5,19.0412,anonymous,EN,0.8999999761581421,I agree to participate in the study,Undergraduate student,,Data Science / Analytics,,Working with data is a central part of my role,8,More than 40 times,"Programming scripts or queries (e.g., Python, R, SQL),Data preparation systems with integrated LLMs that automatically apply transformations,Conversational AI assistants (e.g., ChatGPT, Claude) used to ask for help (e.g., explanations, code suggestions, debugging),Conversational AI assistants used to suggest data cleaning or transformation steps (e.g., generating code or describing actions to perform)","Programming scripts or queries (e.g., Python, R, SQL)",Python,76-100% of the time,"Copilot (e.g., GitHub Copilot)",Difficult,Very Easy,Neither easy nor diffficult,Very Easy,Neither easy nor diffficult,Very Difficult,"Yes, and I have used such systems",4,Agree,Agree,Agree,Agree,"Automatically perform tasks, while allowing user inspection and control",,complete,
2026-05-23 21:24:20,2026-05-23 21:27:46,IP Address,188.37.187.69,100,206,True,2026-05-23 21:27:47,R_2j6WkgbWXvSIQw5,,,,,38.6821,-9.162,anonymous,EN,1,I agree to participate in the study,Working professionally,,Data Science / Analytics,,Working with data is a central part of my role,8,More than 40 times,"Spreadsheet-based tools (e.g., Excel, Power Query),Programming scripts or queries (e.g., Python, R, SQL),Conversational AI assistants (e.g., ChatGPT, Claude) used to ask for help (e.g., explanations, code suggestions, debugging),Conversational AI assistants used to suggest data cleaning or transformation steps (e.g., generating code or describing actions to perform)","Programming scripts or queries (e.g., Python, R, SQL)",Python,51-75% of the time,Claude,Difficult,Easy,Neither easy nor diffficult,Difficult,Very Easy,Neither easy nor diffficult,"Yes, and I have used such systems",3,Agree,Agree,Strongly agree,Strongly agree,"Automatically perform tasks, while allowing user inspection and control",,complete,
2026-05-23 22:38:19,2026-05-23 22:43:14,IP Address,81.84.52.172,100,295,True,2026-05-23 22:43:15,R_25Za6G6V7j5UiEd,,,,,38.7268,-9.3461,anonymous,EN,1,I agree to participate in the study,Master's student,,Management / Business / Economics,,I occasionally work on tasks that involve analysing or handling data,2,6-19 times,"Spreadsheet-based tools (e.g., Excel, Power Query),Programming scripts or queries (e.g., Python, R, SQL),Conversational AI assistants (e.g., ChatGPT, Claude) used to ask for help (e.g., explanations, code suggestions, debugging)","Spreadsheet-based tools (e.g., Excel, Power Query)",Excel,1-25% of the time,Gemini / Bard,Neither easy nor diffficult,Difficult,Difficult,Neither easy nor diffficult,Neither easy nor diffficult,Neither easy nor diffficult,"Yes, and I have used such systems",3,Agree,Neither agree nor disagree,Agree,Agree,"Automatically perform tasks, while allowing user inspection and control",Data preparation,complete,
2026-05-24 00:50:10,2026-05-24 00:53:41,IP Address,94.62.119.152,100,210,True,2026-05-24 00:53:41,R_2frF2vFDrUoSydi,,,,,38.6821,-9.162,anonymous,EN,1,I agree to participate in the study,Master's student,,Engineering (non-computing),,I rarely engage in tasks involving data,1,1-5 times,"Spreadsheet-based tools (e.g., Excel, Power Query),Programming scripts or queries (e.g., Python, R, SQL),Conversational AI assistants (e.g., ChatGPT, Claude) used to ask for help (e.g., explanations, code suggestions, debugging)","Spreadsheet-based tools (e.g., Excel, Power Query)",Excel,1-25% of the time,ChatGPT,Easy,Neither easy nor diffficult,Neither easy nor diffficult,Neither easy nor diffficult,Difficult,Difficult,"Yes, but I have never used such systems",1,Agree,Agree,Neither agree nor disagree,Agree,"Automatically perform tasks, while allowing user inspection and control",,complete,
2026-05-24 09:45:10,2026-05-24 09:50:01,IP Address,87.196.83.85,100,291,True,2026-05-24 09:50:02,R_8rt2czQ26hUZxp7,,,,,41.1459,-8.6169,anonymous,EN,1,I agree to participate in the study,Working professionally,,Management / Business / Economics,,I regularly work with data as part of my studies or job,7,6-19 times,"Spreadsheet-based tools (e.g., Excel, Power Query),Programming scripts or queries (e.g., Python, R, SQL),Conversational AI assistants (e.g., ChatGPT, Claude) used to ask for help (e.g., explanations, code suggestions, debugging)","Programming scripts or queries (e.g., Python, R, SQL)",Excel,1-25% of the time,ChatGPT,Easy,Easy,Neither easy nor diffficult,Easy,Difficult,Difficult,"Yes, but I have never used such systems",4,Agree,Neither agree nor disagree,Strongly agree,Agree,"Automatically perform tasks, while allowing user inspection and control",,complete,
2026-05-24 10:38:22,2026-05-24 10:42:28,IP Address,172.225.212.3,100,245,True,2026-05-24 10:42:28,R_2vpGSvsMORrBvUt,,,,,38.7294,-9.1538,anonymous,EN,1,I agree to participate in the study,Master's student,,Data Science / Analytics,,I regularly work with data as part of my studies or job,8,20-39 times,"Programming scripts or queries (e.g., Python, R, SQL),Conversational AI assistants (e.g., ChatGPT, Claude) used to ask for help (e.g., explanations, code suggestions, debugging),Conversational AI assistants used to suggest data cleaning or transformation steps (e.g., generating code or describing actions to perform)","Programming scripts or queries (e.g., Python, R, SQL)",Python,51-75% of the time,ChatGPT,Difficult,Difficult,Easy,Neither easy nor diffficult,Difficult,Very Difficult,"Yes, but I have never used such systems",1,Agree,Disagree,Agree,Agree,"Automatically perform tasks, while allowing user inspection and control",I don’t know,complete,
2026-05-24 13:37:33,2026-05-24 13:41:26,IP Address,89.114.229.225,100,233,True,2026-05-24 13:41:27,R_8DkJMWNEKAvkITz,,,,,38.7219,-9.1398,anonymous,EN,1,I agree to participate in the study,Working professionally,,Management / Business / Economics,,I regularly work with data as part of my studies or job,8,More than 40 times,"Spreadsheet-based tools (e.g., Excel, Power Query),Programming scripts or queries (e.g., Python, R, SQL),Data preparation systems with integrated LLMs that automatically apply transformations,Conversational AI assistants (e.g., ChatGPT, Claude) used to ask for help (e.g., explanations, code suggestions, debugging),Conversational AI assistants used to suggest data cleaning or transformation steps (e.g., generating code or describing actions to perform)","Spreadsheet-based tools (e.g., Excel, Power Query)","Excel ",51-75% of the time,ChatGPT,Easy,Difficult,Easy,Easy,Neither easy nor diffficult,Easy,"Yes, but I have never used such systems",4,Disagree,Strongly agree,Strongly agree,Strongly agree,"Assist mainly in complex or ambiguous tasks, leaving execution to the user",,complete,
2026-05-25 10:09:02,2026-05-25 10:14:36,IP Address,95.136.78.137,100,334,True,2026-05-25 10:14:36,R_2GWNI3TjbN93KGl,,,,,38.7034,-8.9773,anonymous,EN,1,I agree to participate in the study,Master's student,,Data Science / Analytics,,I regularly work with data as part of my studies or job,8,6-19 times,"Programming scripts or queries (e.g., Python, R, SQL),Conversational AI assistants (e.g., ChatGPT, Claude) used to ask for help (e.g., explanations, code suggestions, debugging),Conversational AI assistants used to suggest data cleaning or transformation steps (e.g., generating code or describing actions to perform)","Programming scripts or queries (e.g., Python, R, SQL)",Python,26-50% of the time,Claude,Easy,Easy,Neither easy nor diffficult,Very Easy,Easy,Easy,"Yes, but I have never used such systems",2,Agree,Strongly agree,Disagree,Agree,"Automatically perform tasks, while allowing user inspection and control",I am unsure,complete,
2026-05-25 11:32:19,2026-05-25 11:34:51,IP Address,31.22.144.72,100,152,True,2026-05-25 11:34:51,R_86WSP8zToVwGjOp,,,,,38.7294,-9.1538,anonymous,EN,1,I agree to participate in the study,Working professionally,,Data Science / Analytics,,Working with data is a central part of my role,8,More than 40 times,"Spreadsheet-based tools (e.g., Excel, Power Query),Programming scripts or queries (e.g., Python, R, SQL),Data preparation systems with integrated LLMs that automatically apply transformations,Conversational AI assistants (e.g., ChatGPT, Claude) used to ask for help (e.g., explanations, code suggestions, debugging)","Programming scripts or queries (e.g., Python, R, SQL)",Python,76-100% of the time,ChatGPT,Difficult,Difficult,Difficult,Difficult,Difficult,Difficult,"No, I was not aware of this possibility",3,Agree,Agree,Strongly agree,Agree,"Assist mainly in complex or ambiguous tasks, leaving execution to the user",,complete,
2026-05-25 14:21:42,2026-05-25 14:25:29,IP Address,148.69.15.211,100,227,True,2026-05-25 14:25:29,R_8yq0twJ2ITkbTxV,,,,,41.1459,-8.6169,anonymous,EN,1,I agree to participate in the study,Master's student,,Health / Life Sciences,,I rarely engage in tasks involving data,2,1-5 times,"Spreadsheet-based tools (e.g., Excel, Power Query),Conversational AI assistants (e.g., ChatGPT, Claude) used to ask for help (e.g., explanations, code suggestions, debugging)","Spreadsheet-based tools (e.g., Excel, Power Query)",,1-25% of the time,ChatGPT,Difficult,Difficult,Very Difficult,Very Difficult,Very Difficult,Very Difficult,"No, I was not aware of this possibility",1,Agree,Strongly agree,Strongly agree,Strongly agree,"Automatically perform tasks, while allowing user inspection and control",,complete,
2026-05-25 15:18:07,2026-05-25 15:22:29,IP Address,87.196.75.202,100,262,True,2026-05-25 15:22:30,R_80O6tsSaimLNvgY,,,,,38.7294,-9.1538,anonymous,EN,1,I agree to participate in the study,Master's student,,Management / Business / Economics,,I regularly work with data as part of my studies or job,6,More than 40 times,"Spreadsheet-based tools (e.g., Excel, Power Query),Programming scripts or queries (e.g., Python, R, SQL),Conversational AI assistants (e.g., ChatGPT, Claude) used to ask for help (e.g., explanations, code suggestions, debugging)","Spreadsheet-based tools (e.g., Excel, Power Query)",Excel,26-50% of the time,ChatGPT,Difficult,Easy,Easy,Easy,Difficult,Neither easy nor diffficult,"No, I was not aware of this possibility",1,Agree,Neither agree nor disagree,Agree,Strongly agree,"Assist mainly in complex or ambiguous tasks, leaving execution to the user",,complete,
2026-05-19 17:34:37,2026-05-19 18:27:50,IP Address,87.196.81.213,6,3192,False,2026-05-26 18:27:52,R_8qFnHEbUEIapVhT,,,,,38.7057,-9.1359,anonymous,EN,1,I agree to participate in the study,,,,,,,,,,,,,,,,,,,,,,,,,,,complete,
2026-05-20 09:38:09,2026-05-20 09:38:45,IP Address,31.22.160.120,47,36,False,2026-05-27 09:38:46,R_2MOL92kguJeNQmR,,,,,38.7294,-9.1538,anonymous,EN,1,I agree to participate in the study,Master's student,,Data Science / Analytics,,Working with data is a central part of my role,,More than 40 times,"Dedicated data preparation tools (e.g., OpenRefine, KNIME, Trifacta)","Dedicated data preparation tools (e.g., OpenRefine, KNIME, Trifacta)",,26-50% of the time,Claude,,,,,,,,,,,,,,,complete,
2026-05-27 13:48:44,2026-05-27 13:52:00,IP Address,45.88.222.16,100,196,True,2026-05-27 13:52:01,R_1mleSS1DSDxUXh4,,,,,40.7126,-74.0066,anonymous,EN,1,I agree to participate in the study,Working professionally,,Computer Science / Software Engineering,,Working with data is a central part of my role,8,20-39 times,"Programming scripts or queries (e.g., Python, R, SQL),Conversational AI assistants (e.g., ChatGPT, Claude) used to ask for help (e.g., explanations, code suggestions, debugging)",Data preparation systems with integrated LLMs that automatically apply transformations,"Python ",76-100% of the time,Claude,Difficult,Difficult,Easy,Easy,Easy,Easy,"Yes, and I have used such systems",5,Strongly agree,Neither agree nor disagree,Strongly agree,Strongly agree,"Automatically perform tasks, while allowing user inspection and control","Robust analysis and data protection
",complete,
2026-05-23 20:20:43,2026-05-23 20:23:59,IP Address,89.155.235.186,79,195,False,2026-05-30 20:24:01,R_2LZTOdh583c5mUE,,,,,40.3019,-8.4693,anonymous,EN,1,I agree to participate in the study,Working professionally,,Data Science / Analytics,,Working with data is a central part of my role,8,More than 40 times,"Programming scripts or queries (e.g., Python, R, SQL),Dedicated data preparation tools (e.g., OpenRefine, KNIME, Trifacta),Conversational AI assistants (e.g., ChatGPT, Claude) used to ask for help (e.g., explanations, code suggestions, debugging),Conversational AI assistants used to suggest data cleaning or transformation steps (e.g., generating code or describing actions to perform)",Data preparation systems with integrated LLMs that automatically apply transformations,Python,76-100% of the time,ChatGPT,Easy,Difficult,Difficult,Easy,Easy,Difficult,"Yes, but I have never used such systems",5,,,,,,,complete,
2026-05-23 21:17:10,2026-05-23 21:18:03,IP Address,104.28.87.87,37,52,False,2026-05-30 21:18:11,R_8rNwBmMewACzHWe,,,,,38.7294,-9.1538,anonymous,EN,1,I agree to participate in the study,Working professionally,,Engineering (non-computing),,I rarely engage in tasks involving data,1,1-5 times,,,,,,,,,,,,,,,,,,,,complete,
2026-05-24 12:45:12,2026-05-24 12:52:29,IP Address,89.214.148.57,58,436,False,2026-05-31 12:52:32,R_2JFsZVDyx0m2Uu4,,,,,40.2057,-8.4213,anonymous,EN,0.4000000059604645,I agree to participate in the study,Master's student,,Engineering (non-computing),,I occasionally work on tasks that involve analysing or handling data,2,1-5 times,"Spreadsheet-based tools (e.g., Excel, Power Query),Programming scripts or queries (e.g., Python, R, SQL),Conversational AI assistants (e.g., ChatGPT, Claude) used to ask for help (e.g., explanations, code suggestions, debugging)","Spreadsheet-based tools (e.g., Excel, Power Query)",excel,1-25% of the time,ChatGPT,,,,,,,,,,,,,,,complete,
2026-05-24 23:34:33,2026-05-24 23:35:32,IP Address,109.48.229.217,25,59,False,2026-05-31 23:35:33,R_8lGgR60L0KWc8rm,,,,,38.6821,-9.162,anonymous,EN,1,I agree to participate in the study,Undergraduate student,,Arts / Humanities,,I occasionally work on tasks that involve analysing or handling data,,,,,,,,,,,,,,,,,,,,,,complete,
2026-05-25 09:23:04,2026-05-25 09:24:02,IP Address,81.193.173.144,37,58,False,2026-06-01 09:24:03,R_2ikSzx7rzoVqX5y,,,,,38.8591,-9.0571,anonymous,EN,1,I agree to participate in the study,Undergraduate student,,Management / Business / Economics,,I occasionally work on tasks that involve analysing or handling data,2,1-5 times,,,,,,,,,,,,,,,,,,,,complete,
2026-05-30 17:06:45,2026-05-30 17:06:56,IP Address,194.117.18.99,8,10,False,2026-06-06 17:06:59,R_8lu2qsj6HVkypCF,,,,,38.7219,-9.1398,anonymous,EN,0.800000011920929,I agree to participate in the study,,,,,,,,,,,,,,,,,,,,,,,,,,,complete,
2026-06-08 03:09:04,2026-06-08 03:21:19,IP Address,79.169.170.52,100,735,True,2026-06-08 03:21:20,R_8xIQbSwP6o402pM,,,,,40.1476,-8.859,anonymous,EN,1,I agree to participate in the study,Working professionally,,Management / Business / Economics,,I regularly work with data as part of my studies or job,7,More than 40 times,"Spreadsheet-based tools (e.g., Excel, Power Query)","Spreadsheet-based tools (e.g., Excel, Power Query)",Excel,0% (I never use them),I do not use conversational AI assistants for these tasks,Neither easy nor diffficult,Difficult,Neither easy nor diffficult,Difficult,Neither easy nor diffficult,Difficult,"Yes, but I have never used such systems",1,Agree,Agree,Strongly agree,Strongly agree,"Automatically perform tasks, while allowing user inspection and control",User validation and control,complete,
